Company,URL
https://agentai.app/,https://agentai.app/
https://akooda.co/,https://akooda.co/
https://get.aloecare.com/,https://get.aloecare.com/
https://www.aryaworks.com,https://www.aryaworks.com
https://www.carboncounts.tech/,https://www.carboncounts.tech/
https://joincontinuum.com/,https://joincontinuum.com/
https://www.dataroomhq.com/,https://www.dataroomhq.com/
https://www.davidenergy.com/,https://www.davidenergy.com/
https://www.etched.com/,https://www.etched.com/
https://www.exer.ai/,https://www.exer.ai/
https://www.gofarmhand.com/,https://www.gofarmhand.com/
https://gibsonai.com/,https://gibsonai.com/
https://www.sendhark.com/,https://www.sendhark.com/
https://ifundwomen.com/,https://ifundwomen.com/
https://esportsinsider.com/2021/10/riot-games-kanga,https://esportsinsider.com/2021/10/riot-games-kanga
https://kit.com/,https://kit.com/
https://www.lang.ai/,https://www.lang.ai/
https://wheniwork.com/blog/when-i-work-acquires-lean-financial,https://wheniwork.com/blog/when-i-work-acquires-lean-financial
https://www.liferaft.co/company/,https://www.liferaft.co/company/
https://matik.io/,https://matik.io/
https://www.mealco.co/,https://www.mealco.co/
https://mikoverse.com/,https://mikoverse.com/
https://www.moonshot-ai.com/,https://www.moonshot-ai.com/
https://myplace.co/,https://myplace.co/
https://oursky.ai/,https://oursky.ai/
https://www.createwithplay.com/,https://www.createwithplay.com/
http://polymersearch.com,http://polymersearch.com
https://app.letsrodeo.co/,https://app.letsrodeo.co/
https://www.spiketrap.io/,https://www.spiketrap.io/
https://www.streamline.ai/,https://www.streamline.ai/
https://talktastic.com/,https://talktastic.com/
https://www.tealhq.com/,https://www.tealhq.com/
https://tembo.health/,https://tembo.health/
https://ternary.app/,https://ternary.app/
https://www.thirdwavelabs.com/,https://www.thirdwavelabs.com/
https://www.hellotrace.io/,https://www.hellotrace.io/
https://virtualness.io/,https://virtualness.io/
Winware.ai,http://winware.ai/
https://Winware.ai,https://Winware.ai
https://www.workgrounds.com/,https://www.workgrounds.com/
https://www.zitti.com/,https://www.zitti.com/
